Date,Total Value
2023-01-03,1000000000.0
2023-01-04,1000000000.0
2023-01-05,1000000000.0
2023-01-06,1000000000.0
2023-01-09,1000000000.0
2023-01-10,1000000000.0
2023-01-11,1000000000.0
2023-01-12,1000000000.0
2023-01-13,1000000000.0
2023-01-16,1000000000.0
2023-01-17,1000000000.0
2023-01-18,1000000000.0
2023-01-19,1000000000.0
2023-01-27,1000000000.0
2023-01-30,1000000000.0
2023-01-31,1000000000.0
2023-02-01,1000000000.0
2023-02-02,1000000000.0
2023-02-03,1000000000.0
2023-02-06,1000000000.0
2023-02-07,1000000000.0
2023-02-08,1000000000.0
2023-02-09,1000000000.0
2023-02-10,1000000000.0
2023-02-13,1000000000.0
2023-02-14,1000000000.0
2023-02-15,1000000000.0
2023-02-16,1000000000.0
2023-02-17,1000000000.0
2023-02-20,1000000000.0
2023-02-21,1000000000.0
2023-02-22,1000000000.0
2023-02-23,1000000000.0
2023-02-24,1000000000.0
2023-02-27,1000000000.0
2023-02-28,1000000000.0
2023-03-01,1000000000.0
2023-03-02,1000000000.0
2023-03-03,1000000000.0
2023-03-06,1000000000.0
2023-03-07,1000000000.0
2023-03-08,1000000000.0
2023-03-09,1000000000.0
2023-03-10,1000000000.0
2023-03-13,1000000000.0
2023-03-14,1000000000.0
2023-03-15,1000000000.0
2023-03-16,1000000000.0
2023-03-17,1000000000.0
2023-03-20,1000000000.0
2023-03-21,1000000000.0
2023-03-22,1000000000.0
2023-03-23,1000000000.0
2023-03-24,1000000000.0
2023-03-27,1000000000.0
2023-03-28,1000000000.0
2023-03-29,1000000000.0
2023-03-30,1000000000.0
2023-03-31,1000000000.0
2023-04-03,1000000000.0
2023-04-04,1000000000.0
2023-04-05,1000000000.0
2023-04-06,1000000000.0
2023-04-07,1000000000.0
2023-04-10,1000000000.0
2023-04-11,1000000000.0
2023-04-12,1000000000.0
2023-04-13,1000000000.0
2023-04-14,1000000000.0
2023-04-17,1000000000.0
2023-04-18,1000000000.0
2023-04-19,1000000000.0
2023-04-20,1000000000.0
2023-04-21,1000000000.0
2023-04-24,1000000000.0
2023-04-25,1000000000.0
2023-04-26,1000000000.0
2023-04-27,1000000000.0
2023-04-28,1000000000.0
2023-05-04,1000000000.0
2023-05-05,1000000000.0
2023-05-08,1000000000.0
2023-05-09,1000000000.0
2023-05-10,1000000000.0
2023-05-11,1000000000.0
2023-05-12,1000000000.0
2023-05-15,1000000000.0
2023-05-16,999500249.8750625
2023-05-17,988269840.0474473
2023-05-18,990360027.688615
2023-05-19,990920998.6854516
2023-05-22,999839587.2058197
2023-05-23,996142113.6414738
2023-05-24,990486977.2426057
2023-05-25,988310904.182643
2023-05-26,999610083.4381027
2023-05-29,1017239581.4438246
2023-05-30,1023315830.0155498
2023-05-31,1035950048.6977128
2023-06-01,1048651783.610471
2023-06-02,1060432489.6325724
2023-06-05,1062674295.6826712
2023-06-06,1072968599.8464937
2023-06-07,1073578388.8827037
2023-06-08,1061852314.3172563
2023-06-09,1065099011.9976192
2023-06-12,1069055924.0061718
2023-06-13,1082482588.8058925
2023-06-14,1079984635.9358299
2023-06-15,1073272051.2548951
2023-06-16,1069310996.9703101
2023-06-19,1061607262.9432578
2023-06-20,1072747669.9059087
2023-06-21,1079520385.8137052
2023-06-22,1083512049.752886
2023-06-23,1084387355.1706965
2023-06-26,1085300848.0108452
2023-06-27,1084964423.8600545
2023-06-28,1087401287.327178
2023-06-29,1069428175.1614472
2023-06-30,1066110856.5011569
2023-07-03,1072401324.8200889
2023-07-04,1081681095.0213654
2023-07-05,1079746412.7115333
2023-07-06,1073595305.6898221
2023-07-07,1074515346.6750584
2023-07-10,1086902845.6953752
2023-07-11,1094846138.8366287
2023-07-12,1091634621.5114377
2023-07-13,1100614847.6906743
2023-07-14,1105406188.2113063
2023-07-17,1114667329.594282
2023-07-18,1121329373.914527
2023-07-19,1119619294.7545042
2023-07-20,1127527324.9607203
2023-07-21,1136031453.057534
2023-07-24,1141042205.9650123
2023-07-25,1147856739.0311422
2023-07-26,1148258633.3584924
2023-07-27,1142954585.070468
2023-07-28,1150066252.6855257
2023-07-31,1157240799.9455278
2023-08-01,1152372766.2672825
2023-08-02,1157729324.0381527
2023-08-03,1157477494.7515576
2023-08-04,1164840794.6500762
2023-08-07,1173221025.052229
2023-08-08,1173074608.6987503
2023-08-09,1172129353.9090202
2023-08-10,1157226430.7851982
2023-08-11,1162438145.809057
2023-08-14,1164846872.7734585
2023-08-15,1161525368.4177477
2023-08-16,1168305238.7034667
2023-08-17,1155779462.2286446
2023-08-18,1086340892.6298292
2023-08-21,1091665001.9300025
2023-08-22,1100851793.0153136
2023-08-23,1093357367.9706488
2023-08-24,1109170046.849381
2023-08-25,1102777320.502998
2023-08-28,1113239639.8955154
2023-08-29,1120603669.6618276
2023-08-30,1129184133.698096
2023-08-31,1142771178.714113
2023-09-05,1155458893.2550194
2023-09-06,1165013174.273543
2023-09-07,1164035631.5914567
2023-09-08,1162857289.107414
2023-09-11,1141590804.04548
2023-09-12,1162313914.7433348
2023-09-13,1157176537.3238804
2023-09-14,1152476153.0272613
2023-09-15,1157640200.0461657
2023-09-18,1142449795.3479753
2023-09-19,1139397022.1599257
2023-09-20,1157533439.6576612
2023-09-21,1147012682.1515236
2023-09-22,1121407160.7741277
2023-09-25,1081339046.1245592
2023-09-26,1075768703.2646146
2023-09-27,1084656959.3377519
2023-09-28,1080508262.2449422
2023-09-29,1083396491.6422188
2023-10-02,1083928233.1650364
2023-10-03,1050263031.9751359
2023-10-04,1060081951.7492499
2023-10-05,1056611926.0238389
2023-10-06,1067946005.0673583
2023-10-09,1077133002.890704
2023-10-10,1084722726.2529016
2023-10-11,1095703448.9196918
2023-10-12,1101415512.1925051
2023-10-13,1108075575.4158397
2023-10-16,1096233425.9676106
2023-10-17,1076418713.0020275
2023-10-18,1057074561.0491245
2023-10-19,1044652445.7469738
2023-10-20,1061803306.6839778
2023-10-23,1055449030.5822941
2023-10-24,1070401153.1652303
2023-10-25,1067610055.9741415
2023-10-26,1019335826.0746332
2023-10-27,1035580048.2482381
2023-10-30,1014569986.4443338
2023-10-31,1000855660.5176989
2023-11-01,1012097284.4940704
2023-11-02,1050190746.0240647
2023-11-03,1042084533.4045126
2023-11-06,1056290428.8022674
2023-11-07,1045396444.252115
2023-11-08,1081840951.6499577
2023-11-09,1082521782.7017365
2023-11-10,1067999329.8632003
2023-11-13,1065511369.0945991
2023-11-14,1080359909.4314313
2023-11-15,1088174635.0901031
2023-11-16,1094340608.8821542
2023-11-17,1074205912.9711614
2023-11-20,1076964790.9478412
2023-11-21,1081059934.8860095
2023-11-22,1083911200.9511395
2023-11-23,1058663157.7792231
2023-11-24,1065552243.4005426
2023-11-27,1053088596.3020453
2023-11-28,1056152429.2938867
2023-11-29,1063873394.9647441
2023-11-30,1059241106.0667597
2023-12-01,1066530769.5550543
2023-12-04,1080919938.5247347
2023-12-05,1079402846.7543557
2023-12-06,1092653493.2777226
2023-12-07,1088441426.2017055
2023-12-08,1091143725.890843
2023-12-11,1086868375.3116026
2023-12-12,1085833754.9126177
2023-12-13,1074034873.9548173
2023-12-14,1071321545.3802626
2023-12-15,1067565879.1205838
2023-12-18,1059568636.7508574
2023-12-19,1065422386.5443374
2023-12-20,1068280766.6846391
2023-12-21,1073420689.7970159
2023-12-22,1076427895.5748775
2023-12-25,1084201742.834341
2023-12-26,1085465308.8040988
2023-12-27,1085564715.8910909
2023-12-28,1094390303.3988276
2023-12-29,1102447384.3295147
2024-01-02,1099010408.888568
2024-01-03,1111446424.5120895
2024-01-04,1122714435.154257
2024-01-05,1127524540.626167
2024-01-08,1131319678.0428212
2024-01-09,1130167107.294806
2024-01-10,1129941517.704414
2024-01-11,1129651409.6177878
2024-01-12,1123298877.8689108
2024-01-15,1117096917.3426545
2024-01-16,1124649414.6576273
2024-01-17,1121160956.2689915
2024-01-18,1129152276.677355
2024-01-19,1138582468.7641156
2024-01-22,1140164647.0131829
2024-01-23,1131223740.3152976
2024-01-24,1127559297.2382526
2024-01-25,1124621163.8155255
2024-01-26,1130693017.460059
2024-01-29,1127919810.0647721
2024-01-30,1136085593.7005692
2024-01-31,1127355626.9170132
2024-02-01,1132787347.6380508
2024-02-02,1128456133.4367254
2024-02-05,1150965165.4583683
2024-02-06,1153791873.7533987
2024-02-07,1163018951.5785582
2024-02-15,1176291277.6161056
2024-02-16,1177833136.8819776
2024-02-19,1181366395.9330971
2024-02-20,1183076088.0181277
2024-02-21,1193524993.016041
2024-02-22,1193210277.3874164
2024-02-23,1181201104.8569818
2024-02-26,1189112967.152961
2024-02-27,1198599986.5845494
2024-02-28,1209470218.5701675
2024-02-29,1209478537.534452
2024-03-01,1213250505.7423143
2024-03-04,1220642815.6275747
2024-03-05,1233462307.4040194
2024-03-06,1224945910.072441
2024-03-07,1221885129.920884
2024-03-08,1197740061.0083866
2024-03-11,1186894814.1169326
2024-03-12,1195985634.501686
2024-03-13,1217143121.2148144
2024-03-14,1210016447.3487704
2024-03-15,1215038331.9779487
2024-03-18,1187787296.532564
2024-03-19,1186224390.6689305
2024-03-20,1213095602.327797
2024-03-21,1235544524.2916975
2024-03-22,1238484459.009682
2024-03-25,1223608745.9180853
2024-03-26,1244836966.1042006
2024-03-27,1248504362.5371192
2024-03-28,1259002404.9132214
2024-03-29,1263997297.5802293
2024-04-01,1258278390.1300194
2024-04-02,1269486237.5163012
2024-04-03,1261971970.5305784
2024-04-04,1252472003.8563085
2024-04-05,1242108654.064528
2024-04-08,1232603525.7006595
2024-04-09,1251018293.205323
2024-04-10,1256333066.535533
2024-04-11,1260875654.6354575
2024-04-12,1285234545.0854776
2024-04-15,1219494792.1237972
2024-04-16,1231686471.1573946
2024-04-17,1213520632.3966749
2024-04-19,1197325186.5234501
2024-04-22,1219050343.454368
2024-04-23,1221083670.5888765
2024-04-24,1251034538.8082502
2024-04-25,1249073317.7728086
2024-04-26,1264334065.6351094
2024-05-02,1269896679.1285877
2024-05-03,1270056296.9141176
2024-05-06,1284609672.4901738
2024-05-07,1289044492.3744729
2024-05-08,1292782369.9864824
2024-05-09,1297362383.5777469
2024-05-10,1296005031.053835
2024-05-13,1295074086.7401521
2024-05-14,1300833736.5978944
2024-05-15,1317183766.2396905
2024-05-16,1346862153.803987
2024-05-17,1364716133.7210312
2024-05-20,1361147440.432814
2024-05-21,1361826430.8760493
2024-05-22,1359759950.6441407
2024-05-23,1368876696.3864598
2024-05-24,1350843827.4056349
2024-05-27,1352656377.6026702
2024-05-28,1371679775.911307
2024-05-29,1366100445.636065
2024-05-30,1356248956.5074224
2024-05-31,1353919797.3132262
2024-06-03,1373241096.5675514
2024-06-04,1365825167.5346513
2024-06-05,1361772580.0466878
2024-06-06,1364424725.7991874
2024-06-07,1361222050.779634
2024-06-10,1361010402.6748347
2024-06-11,1353273661.8952782
2024-06-12,1366560083.9720066
2024-06-13,1372374837.7583418
2024-06-14,1359931166.2294338
2024-06-17,1347615389.984107
2024-06-18,1344639657.0134914
2024-06-19,1347752930.321518
2024-06-20,1350342997.454774
2024-06-21,1347067778.3107615
2024-06-24,1328051393.4495616
2024-06-25,1335675989.0396926
2024-06-26,1337095560.2030885
2024-06-27,1332984051.6809368
2024-06-28,1310385395.0058148
2024-07-01,1316693779.8196516
2024-07-02,1329041177.8599973
2024-07-03,1336219753.482726
2024-07-04,1342440994.5819967
2024-07-05,1335341387.4199226
2024-07-08,1323415712.5978854
2024-07-09,1337443937.5326693
2024-07-10,1326410770.801199
2024-07-11,1332470468.1418486
2024-07-12,1326715881.8605628
2024-07-15,1322179974.6690326
2024-07-16,1326745745.160734
2024-07-17,1318049430.2571547
2024-07-18,1328909516.3957734
2024-07-19,1315246553.9254646
2024-07-22,1308776915.0042274
2024-07-23,1279685476.8723114
2024-07-24,1295361275.9111216
2024-07-25,1287787507.141189
2024-07-26,1287319392.2834911
2024-07-29,1285670382.8088558
2024-07-30,1289329249.7216024
2024-07-31,1291806912.8908143
2024-08-01,1261540511.4244847
2024-08-02,1274635386.3367207
2024-08-05,1212741025.4607568
2024-08-06,1242718665.239709
2024-08-07,1240704755.2364175
2024-08-08,1223100803.3871448
2024-08-09,1242046408.8424885
2024-08-12,1250702093.6148336
2024-08-13,1254030808.2438624
2024-08-14,1252655469.5267932
2024-08-15,1245905379.7112477
2024-08-16,1283916341.416133
2024-08-19,1291648957.447674
2024-08-20,1300558017.360983
2024-08-21,1310100642.3147142
2024-08-22,1314073681.8398526
2024-08-23,1311399043.1600435
2024-08-26,1306959065.910549
2024-08-27,1304308354.6813576
2024-08-28,1303186703.3115275
2024-08-29,1303596807.484193
2024-08-30,1304606238.926247
2024-09-04,1290796568.7050524
2024-09-05,1281992442.3481882
2024-09-06,1288900281.2183065
2024-09-09,1286616400.0386324
2024-09-10,1275766878.0152092
2024-09-11,1275824663.0670717
2024-09-12,1276705262.4167244
2024-09-13,1281755123.9819357
2024-09-16,1275689737.2384176
2024-09-17,1288902819.3307295
2024-09-18,1284921366.8599129
2024-09-19,1291392303.5637968
2024-09-20,1293963048.0017622
2024-09-23,1286564355.749686
2024-09-24,1292798085.0768917
2024-09-25,1301850605.7688358
2024-09-26,1304239408.4204414
2024-09-27,1301408471.181652
2024-09-30,1294913741.7000053
2024-10-01,1297920788.710467
2024-10-02,1283259903.9454718
2024-10-03,1268067574.592373
2024-10-04,1261727041.8082514
2024-10-07,1258744350.7571025
2024-10-08,1262017032.1467123
2024-10-09,1275968216.8997982
2024-10-10,1273900152.828663
2024-10-11,1278847054.683836
2024-10-14,1272225639.1874306
2024-10-15,1256480627.2169635
2024-10-16,1252942337.2925298
2024-10-17,1264005026.1024442
2024-10-18,1262552268.1719737
2024-10-21,1253953687.5047684
2024-10-22,1240233059.633579
2024-10-23,1247688156.4288583
2024-10-24,1230566478.1178994
2024-10-25,1227104663.2044034
2024-10-28,1228458432.23888
2024-10-29,1234857814.9778652
2024-10-30,1235453996.6455524
2024-10-31,1233019403.4266305
2024-11-01,1222011812.2414458
2024-11-04,1215021210.2795792
2024-11-05,1217393383.8138232
2024-11-06,1235791688.7919862
2024-11-07,1233938187.0426314
2024-11-08,1229698330.1876764
2024-11-11,1226909707.417741
2024-11-12,1224940239.157044
2024-11-13,1227135091.3107004
2024-11-14,1215943474.9837918
2024-11-15,1200941560.9686484
2024-11-18,1198411516.7584357
2024-11-19,1186962286.3924015
2024-11-20,1200139032.3810694
2024-11-21,1210103127.9899817
2024-11-22,1212599000.9662251
2024-11-25,1215300707.3391595
2024-11-26,1225250356.707907
2024-11-27,1220845528.8425307
2024-11-28,1228856554.847896
2024-11-29,1236459535.6120996
2024-12-02,1233338420.0697181
2024-12-03,1234231549.4217086
2024-12-04,1222374659.7455268
2024-12-05,1255860876.6321611
2024-12-06,1252939276.8366108
2024-12-09,1257747433.0422478
2024-12-10,1259239992.4114025
2024-12-11,1258704380.2489164
2024-12-12,1258477050.842647
2024-12-13,1252992877.0290067
2024-12-16,1253557135.210235
2024-12-17,1253611553.2931643
2024-12-18,1256414539.7075548
2024-12-19,1246453711.2043934
2024-12-20,1244343833.4920325
2024-12-23,1261084521.8573656
2024-12-24,1259510815.8512964
2024-12-25,1273297701.0161102
2024-12-26,1276914200.601699
2024-12-27,1273757935.6887708
2024-12-30,1274840751.203078
2024-12-31,1266523828.9842775
2025-01-02,1270119087.3697248
2025-01-03,1247422836.4678135
2025-01-06,1230348622.5720804
2025-01-07,1234889152.5209837
2025-01-08,1237720850.7884893
2025-01-09,1231710270.8538358
2025-01-10,1208910638.2824905
2025-01-13,1216720159.0489073
2025-01-14,1206950885.0016046
2025-01-15,1218102273.5181675
2025-01-16,1223279246.551483
2025-01-17,1234420682.0809124
2025-01-20,1235199404.9058883
2025-01-21,1240079313.0328598
2025-01-22,1237060513.5664656
2025-01-23,1250237474.5408847
2025-01-24,1256932451.158437
2025-02-03,1254475696.4457722
2025-02-04,1276428136.4539669
2025-02-05,1296518910.618961
2025-02-06,1308615466.2397525
2025-02-07,1319261843.658239
2025-02-10,1296307342.0768743
2025-02-11,1307192123.2955225
2025-02-12,1303598050.614385
2025-02-13,1315499711.976421
2025-02-14,1322005936.635293
2025-02-17,1315320401.6586943
2025-02-18,1320123528.6181154
2025-02-19,1327557640.256375
2025-02-20,1329444227.8796232
2025-02-21,1329536294.9014556
2025-02-24,1346585080.61675
2025-02-25,1346351799.4133115
2025-02-26,1359628047.966193
2025-02-27,1364264296.9768913
2025-02-28,1358167106.5947957
2025-03-03,1363889240.8838036
2025-03-04,1362321760.4066286
2025-03-05,1352677800.5584266
2025-03-06,1361963063.3093915
2025-03-07,1366537023.2428393
2025-03-10,1366961409.1521077
2025-03-11,1373861552.6416209
2025-03-12,1372604140.4765975
2025-03-13,1359471767.0377347
2025-03-14,1354511095.2251873
2025-03-17,1366428642.2512264
2025-03-18,1362441025.9112632
2025-03-19,1360189393.0884817
2025-03-20,1358897998.765455
2025-03-21,1356186187.0745249
2025-03-24,1358919437.532747
2025-03-25,1365533640.1785889
2025-03-26,1360026143.007875
2025-03-27,1363259268.5554216
2025-03-28,1365758778.622631
2025-03-31,1360424337.8138902
2025-04-01,1376438407.23981
2025-04-02,1380708179.1283906
2025-04-03,1284077002.1733744
2025-04-04,1254938086.0643692
2025-04-08,1165274017.8897882
2025-04-09,1125470337.2643073
2025-04-10,1210078188.4991705
2025-04-11,1262822150.3428533
2025-04-14,1293441079.7124395
2025-04-15,1274640952.4580736
2025-04-16,1271401033.8705137
2025-04-17,1287004518.4389248
2025-04-18,1298411097.2916782
2025-04-21,1282307680.0480933
2025-04-22,1270275103.654169
2025-04-23,1297850010.6236515
2025-04-24,1309174400.5390363
2025-04-25,1307173062.5178506
2025-04-28,1320675068.524052
2025-04-29,1327109331.5155203
2025-05-05,1345550018.049632
2025-05-06,1340863624.6865134
2025-05-07,1341691587.4933636
2025-05-08,1360660680.1703515
2025-05-09,1360174417.3529198
2025-05-12,1380980376.5251148
2025-05-13,1393190256.2243078
2025-05-14,1397350815.2333941
2025-05-15,1397118911.145699
2025-05-16,1387730538.0326629
2025-05-19,1372725976.8871944
2025-05-20,1400330591.650237
2025-05-21,1415763986.8702533
2025-05-22,1401456597.4954433
2025-05-23,1414500125.2982848
2025-05-26,1441507303.7884898
2025-05-27,1447689412.2617216
2025-05-28,1446912455.3663726
2025-05-29,1449242202.3879993
2025-05-30,1434076627.076533
2025-06-02,1446276330.5278285
2025-06-03,1457500768.9477408
2025-06-04,1461268121.138298
2025-06-05,1457867591.073896
2025-06-06,1445621824.578853
2025-06-09,1423372335.7179413
2025-06-10,1431901315.303333
2025-06-11,1433390761.7242165
2025-06-12,1440899343.328739
2025-06-13,1431658486.228097
2025-06-16,1457679693.7417629
2025-06-17,1461529613.452065
2025-06-18,1455438518.823082
2025-06-19,1457643576.123859
2025-06-20,1458082457.8257062
2025-06-23,1451898352.4506721
2025-06-24,1456871092.799947
2025-06-25,1455415639.0611515
2025-06-26,1453812019.806475
2025-06-27,1459202634.339396
2025-06-30,1472875306.1275933
2025-07-01,1475802683.5989704
2025-07-02,1507620589.6033106
2025-07-03,1517712379.1962118
2025-07-04,1515390810.8679373
2025-07-07,1513550134.4168324
2025-07-08,1513556384.310878
2025-07-09,1532353393.118533
2025-07-10,1538728160.0355835
2025-07-11,1542382894.085239
2025-07-14,1548210623.9852822
2025-07-15,1551074185.6072102
2025-07-16,1568085370.3227365
2025-07-17,1578979168.4061275
2025-07-18,1601930990.6717947
2025-07-21,1594670840.4348307
2025-07-22,1637938567.7970328
2025-07-23,1625912061.5740366
2025-07-24,1646849464.9639487
2025-07-25,1675893537.2199306
2025-07-28,1704651399.3200474
2025-07-29,1650742460.0392113
2025-07-30,1675607509.785904
2025-07-31,1709456215.4322953
2025-08-01,1715018807.801563
2025-08-04,1736694077.3405888
2025-08-05,1724136748.42254
2025-08-06,1737174009.3560357
2025-08-07,1730612730.7874162
2025-08-08,1730656197.818469
2025-08-11,1757553393.560362
2025-08-12,1770662294.3037443
2025-08-13,1783715854.6058674
2025-08-14,1801577525.6887214
2025-08-15,1787658065.2613273
2025-08-18,1803319958.1825757
2025-08-19,1805473458.96673
2025-08-20,1814992992.654373
2025-08-21,1809703917.8065774
2025-08-22,1774378190.0391512
2025-08-25,1746990899.381574
2025-08-26,1769049679.4010086
2025-08-27,1780270534.2967768
2025-08-28,1799829943.052624
2025-08-29,1805012347.736741
2025-09-03,1815471156.522685
2025-09-04,1820336090.5837865
2025-09-05,1798272554.402296
2025-09-08,1755864349.1781192
2025-09-09,1766720178.0805185
2025-09-10,1766662148.1100566
2025-09-11,1778421192.659155
2025-09-12,1796396578.3296912
2025-09-15,1826620927.545735
2025-09-16,1823077241.9700706
2025-09-17,1819940258.6156752
2025-09-18,1812938296.3546815
2025-09-19,1825308045.5807567
2025-09-22,1814648068.5303006
2025-09-23,1808796127.4190497
2025-09-24,1811687305.9261532
2025-09-25,1821118077.651511
2025-09-26,1818930906.8136656
2025-09-29,1823739929.1571777
2025-09-30,1811734985.7403116
2025-10-01,1821401497.8828309
2025-10-02,1806959774.2631512
2025-10-03,1791644124.3384168
2025-10-06,1809161682.7946687
2025-10-07,1799322531.1948814
2025-10-08,1811186713.7136745
2025-10-09,1825251270.0701165
2025-10-10,1823246214.4233348
2025-10-13,1844791275.9101336
2025-10-14,1830014310.406056
2025-10-15,1826931823.976699
2025-10-16,1847599464.842424
2025-10-17,1834372349.759506
2025-10-20,1763876241.0064063
2025-10-21,1786772469.0424387
2025-10-22,1794024189.6295056
2025-10-23,1797525631.5000894
2025-10-24,1801168175.9439013
2025-10-27,1803241321.006628
2025-10-28,1830604474.086263
2025-10-29,1841016278.311086
2025-10-30,1836811962.6951766
2025-10-31,1811500302.7017517
2025-11-03,1790238512.3047767
2025-11-04,1789375516.0328212
2025-11-05,1791283623.8853986
2025-11-06,1792434403.0260038
2025-11-07,1756356610.1392112
2025-11-10,1739177588.9747117
2025-11-11,1739553365.8618827
2025-11-12,1761694816.998366
2025-11-13,1775790192.0397472
2025-11-14,1774141182.3092966
2025-11-17,1776594404.0277317
2025-11-18,1776880024.7108824
2025-11-19,1774235218.6267507
2025-11-20,1773919824.7868142
2025-11-21,1771991187.356944
2025-11-24,1764140980.0330098
2025-11-25,1752995620.6023586
2025-11-26,1780210154.9663005
2025-11-27,1784617464.0960722
2025-11-28,1776261138.4897923
2025-12-01,1777591578.888615
2025-12-02,1789147928.0646567
2025-12-03,1800609083.0575914
2025-12-04,1815930509.7465687
2025-12-05,1805465237.4311585
2025-12-08,1790422571.5443902
2025-12-09,1773078736.129037
2025-12-10,1771768071.3985035
2025-12-11,1756831884.632625
2025-12-12,1709456592.7518525
2025-12-15,1701246356.8430367
2025-12-16,1746831463.9653492
2025-12-17,1751338223.8939948
2025-12-18,1758326903.1474836
2025-12-19,1765737944.9566028
2025-12-22,1800857848.9859447
2025-12-23,1805166463.9744608
2025-12-24,1820960394.8451488
2025-12-25,1796478886.613821
2025-12-26,1800074125.9900086
2025-12-29,1823869671.395883
2025-12-30,1837687379.0347319
2025-12-31,1835451179.8339682
2026-01-05,1818369057.397457
2026-01-06,1822201202.8295069
2026-01-07,1829097036.7190075
2026-01-08,1821309957.992227
2026-01-09,1796822232.492216
2026-01-12,1821471313.179088
2026-01-13,1846781089.8956494
2026-01-14,1830963528.9944708
2026-01-15,1851535056.414755
2026-01-16,1860426402.4503143
2026-01-19,1864308641.4490983
2026-01-20,1862058286.3873243
2026-01-21,1851967595.6077244
2026-01-22,1861204652.9395137
2026-01-23,1843189888.2616777
2026-01-26,1807809002.2827294
2026-01-27,1819826179.0780766
2026-01-28,1823986632.1754873
2026-01-29,1825957152.0655866
2026-01-30,1830425570.5742238
2026-02-02,1830891990.085188
2026-02-03,1853521021.7430143
2026-02-04,1852966556.677993
2026-02-05,1822905722.142915
2026-02-06,1783920826.335404
2026-02-09,1783083049.3430514
2026-02-10,1763617899.3879952
2026-02-11,1792418952.071268
2026-02-12,1802154724.6971319
2026-02-13,1821146377.7332819
2026-02-23,1854081924.9865792
2026-02-24,1849732682.1776295
2026-02-25,1845979531.3628783
2026-02-26,1863063923.6940367
2026-02-27,1877370970.604048
2026-03-02,1905610727.6341536
2026-03-03,1879814938.005622
2026-03-04,1842530960.2971437
2026-03-05,1833030682.6279285
2026-03-06,1803611959.9901953
2026-03-09,1663832015.8840704
2026-03-10,1709395445.9547968
2026-03-11,1740736667.310915
2026-03-12,1743309934.7288651
2026-03-13,1727132132.8132482
2026-03-16,1726429408.052865
2026-03-17,1738050013.0540142
2026-03-18,1749866202.1246665
2026-03-19,1723568292.9840734
2026-03-20,1694424096.1505833
2026-03-23,1659832710.6668556
2026-03-24,1684486570.5859613
2026-03-25,1710755599.7415648
2026-03-26,1710717501.6208916
2026-03-27,1737114026.868915
2026-03-30,1738266256.5510273
2026-03-31,1747369577.1195352
2026-04-01,1753335991.5331023
2026-04-02,1745911633.8611972
2026-04-03,1728599183.0120404
2026-04-06,1725942098.1022928
2026-04-07,1729701262.4800198
2026-04-08,1764164637.3873208
2026-04-09,1756245358.803275
2026-04-10,1768148311.8132505
2026-04-13,1763110962.1461039
2026-04-14,1755821528.1138499
2026-04-15,1758281973.3670487
2026-04-16,1748533786.5729837
2026-04-17,1748558314.2052622
2026-04-20,1751353279.9672012
2026-04-21,1749227397.5463333
2026-04-22,1741666469.1129267
2026-04-23,1732589978.852495
2026-04-24,1727990074.9544106
2026-04-28,1716104699.6500666
2026-04-29,1724138407.5359447
2026-05-04,1729207860.5749664
2026-05-05,1735789248.251659
2026-05-06,1751244768.453867
2026-05-07,1758786419.493895
2026-05-08,1762773274.9984176
2026-05-11,1758958156.5027616
2026-05-12,1749757533.0692768
2026-05-13,1748403516.287818
2026-05-14,1756361919.8765125
2026-05-15,1752743495.5680203
2026-05-18,1753961493.719824
2026-05-19,1737770507.360952
2026-05-20,1717440376.803136
2026-05-21,1714862788.9307125
2026-05-22,1702168714.649493
2026-05-25,1701644826.111429
2026-05-26,1708630371.6905146
2026-05-27,1709429669.2796566
2026-05-28,1683615963.5075765
2026-05-29,1676069968.9393046
2026-06-01,1685350387.52682
2026-06-02,1688620717.400774
2026-06-03,1699984507.5136623
2026-06-04,1699195380.2490666
2026-06-05,1684535701.3876474
2026-06-08,1662346157.683446
2026-06-09,1664033757.8774147
2026-06-10,1671110941.3553774
2026-06-11,1668882765.9936554
2026-06-12,1662800735.4509113
2026-06-15,1672660977.5945063
2026-06-16,1679196604.2437742
2026-06-17,1684153648.4829056
2026-06-18,1690381250.85595
2026-06-19,1678150662.3388374
2026-06-22,1680754172.944348
2026-06-23,1666928615.210315
2026-06-24,1672838968.142232
2026-06-25,1665587593.3803265
2026-06-26,1658476535.4590309
2026-06-29,1670767706.9803622
2026-06-30,1672698070.6785014
2026-07-01,1676667772.7044082
2026-07-02,1671771351.2288022
2026-07-03,1658138137.2358112
2026-07-06,1635552305.4313414
2026-07-07,1633225538.6143131
2026-07-08,1649623544.0745485
2026-07-09,1637789588.6516118
2026-07-10,1624145406.9859395
2026-07-13,1596019309.1021721
2026-07-14,1602813799.5292377
2026-07-15,1588349328.340365
2026-07-16,1593936107.8394942
2026-07-17,1578001680.053279
2026-07-20,1525301707.6045392
2026-07-21,1512642972.0309978
2026-07-22,1487016709.2128034
2026-07-23,1500949973.232984
2026-07-24,1488346046.5239809
2026-07-27,1454753234.458077
2026-07-28,1456032891.8988266
2026-07-29,1463361702.1761124
2026-07-30,1509573054.6549864
2026-07-31,1509954128.1942487
2026-08-03,1530145620.279837
2026-08-04,1532835857.8135314
2026-08-05,1541754922.6525784
2026-08-06,1534896692.3805387
2026-08-07,1538021244.6117663
2026-08-10,1559155272.268896
2026-08-11,1571164998.4421244
2026-08-12,1575139649.4158337
2026-08-13,1562413871.4560585
2026-08-14,1539039044.7367566
2026-08-17,1545330755.0951128
2026-08-18,1542857603.440512
2026-08-19,1529090497.159665
2026-08-20,1536729826.3075085
2026-08-21,1566007135.929995
2026-08-24,1585323251.453127
2026-08-25,1578631693.2561235
2026-08-26,1589013130.017258
2026-08-27,1584069807.8044004
